{
    "status": "success",
      "result": {
        "pageNo": 1,
        "page_size": 10,
        "total_count": 60,
        "page_count": 6,
        "item_list": [
          {
            "id": 1,
            "materialcategory":"原料类别",
            "materialname": "原料名称",
            "specifications": "净含量",
            "supplier": "供应商",
            "address":"地址",
            "licensenumber":"营业执照号",
            "circulationnumber":"食品流通号",
            "contacts":"联系人",
            "contactnumber":"联系电话",
            "charge":"负责人",
            "mainbody":"主体类型",
            "permit":"许可证范围",
            "authority":"发证机关",
            "validdate":"有效日期",
            "closingdate":"截止日期",
            "manufacturer":"生产商",
            "productiondate": "生产日期",
            "validperiod": "有效期限",    
            "purchasedate": "进货日期",  
            "purchasenumber": "进货数",  
            "acceptor": "验收人" ,
            "unitname":"单位名称",
            "area":"所在区域",
            "brand":"品牌",
            "period":"保质期",
            "shipmentsnum":"出货数",
            "inventorynumber":"库存数",
            "evidence":"索证索票"
          },
          {
            "id": 2,
            "materialcategory":"原料类别",
            "materialname": "原料名称",
            "specifications": "净含量",
            "supplier": "供应商",
            "address":"地址",
            "licensenumber":"营业执照号",
            "circulationnumber":"食品流通号",
            "contacts":"联系人",
            "contactnumber":"联系电话",
            "charge":"负责人",
            "mainbody":"主体类型",
            "permit":"许可证范围",
            "authority":"发证机关",
            "validdate":"有效日期",
            "closingdate":"截止日期",
            "productiondate": "生产日期",
            "validperiod": "有效期限",    
            "purchasedate": "进货日期",  
            "purchasenumber": "进货数",  
            "acceptor": "验收人" ,
            "unitname":"单位名称",
            "area":"所在区域",
            "brand":"品牌",
            "period":"保质期",
            "shipmentsnum":"出货数",
            "inventorynumber":"库存数",
            "evidence":"索证索票"
      
          },
          {
            "id": 3,
            "materialcategory":"原料类别",
            "materialname": "原料名称",
            "specifications": "净含量",
            "supplier": "供应商",
            "address":"地址",
            "licensenumber":"营业执照号",
            "circulationnumber":"食品流通号",
            "contacts":"联系人",
            "contactnumber":"联系电话",
            "charge":"负责人",
            "mainbody":"主体类型",
            "permit":"许可证范围",
            "authority":"发证机关",
            "validdate":"有效日期",
            "closingdate":"截止日期",
            "productiondate": "生产日期",
            "validperiod": "有效期限",    
            "purchasedate": "进货日期",  
            "purchasenumber": "进货数",  
            "acceptor": "验收人" ,
            "unitname":"单位名称",
            "area":"所在区域",
            "brand":"品牌",
            "period":"保质期",
            "shipmentsnum":"出货数",
            "inventorynumber":"库存数",
            "evidence":"索证索票"
          },
          {
            "id": 4,
            "materialcategory":"原料类别",
            "materialname": "原料名称",
            "specifications": "净含量",
            "supplier": "供应商",
            "address":"地址",
            "licensenumber":"营业执照号",
            "circulationnumber":"食品流通号",
            "contacts":"联系人",
            "contactnumber":"联系电话",
            "charge":"负责人",
            "mainbody":"主体类型",
            "permit":"许可证范围",
            "authority":"发证机关",
            "validdate":"有效日期",
            "closingdate":"截止日期",
            "productiondate": "生产日期",
            "validperiod": "有效期限",    
            "purchasedate": "进货日期",  
            "purchasenumber": "进货数",  
            "acceptor": "验收人" ,
            "unitname":"单位名称",
            "area":"所在区域",
            "brand":"品牌",
            "period":"保质期",
            "shipmentsnum":"出货数",
            "inventorynumber":"库存数",
            "evidence":"索证索票"
          },
          {
            "id": 5,
            "materialcategory":"原料类别",
            "materialname": "原料名称",
            "specifications": "净含量",
            "supplier": "供应商",
            "address":"地址",
            "licensenumber":"营业执照号",
            "circulationnumber":"食品流通号",
            "contacts":"联系人",
            "contactnumber":"联系电话",
            "charge":"负责人",
            "mainbody":"主体类型",
            "permit":"许可证范围",
            "authority":"发证机关",
            "validdate":"有效日期",
            "closingdate":"截止日期",
            "productiondate": "生产日期",
            "validperiod": "有效期限",    
            "purchasedate": "进货日期",  
            "purchasenumber": "进货数",  
            "acceptor": "验收人",
            "unitname":"单位名称",
            "area":"所在区域",
            "brand":"品牌",
            "period":"保质期",
            "shipmentsnum":"出货数",
            "inventorynumber":"库存数",
            "evidence":"索证索票" 
          },
          {
            "id": 6,
            "materialcategory":"原料类别",
            "materialname": "原料名称",
            "specifications": "净含量",
            "supplier": "供应商",
            "address":"地址",
            "licensenumber":"营业执照号",
            "circulationnumber":"食品流通号",
            "contacts":"联系人",
            "contactnumber":"联系电话",
            "charge":"负责人",
            "mainbody":"主体类型",
            "permit":"许可证范围",
            "authority":"发证机关",
            "validdate":"有效日期",
            "closingdate":"截止日期",
            "productiondate": "生产日期",
            "validperiod": "有效期限",    
            "purchasedate": "进货日期",  
            "purchasenumber": "进货数",  
            "acceptor": "验收人",
            "unitname":"单位名称",
            "area":"所在区域" ,
            "brand":"品牌",
            "period":"保质期",
            "shipmentsnum":"出货数",
            "inventorynumber":"库存数",
            "evidence":"索证索票"
          },
          {
            "id": 7,
            "materialcategory":"原料类别",
            "materialname": "原料名称",
            "specifications": "净含量",
            "supplier": "供应商",
            "address":"地址",
            "licensenumber":"营业执照号",
            "circulationnumber":"食品流通号",
            "contacts":"联系人",
            "contactnumber":"联系电话",
            "charge":"负责人",
            "mainbody":"主体类型",
            "permit":"许可证范围",
            "authority":"发证机关",
            "validdate":"有效日期",
            "closingdate":"截止日期",
            "productiondate": "生产日期",
            "validperiod": "有效期限",    
            "purchasedate": "进货日期",  
            "purchasenumber": "进货数",  
            "acceptor": "验收人" ,
            "unitname":"单位名称",
            "area":"所在区域",
            "brand":"品牌",
            "period":"保质期",
            "shipmentsnum":"出货数",
            "inventorynumber":"库存数",
            "evidence":"索证索票"
          },
          {
            "id": 8,
            "materialcategory":"原料类别",
            "materialname": "原料名称",
            "specifications": "净含量",
            "supplier": "供应商",
            "address":"地址",
            "licensenumber":"营业执照号",
            "circulationnumber":"食品流通号",
            "contacts":"联系人",
            "contactnumber":"联系电话",
            "charge":"负责人",
            "mainbody":"主体类型",
            "permit":"许可证范围",
            "authority":"发证机关",
            "validdate":"有效日期",
            "closingdate":"截止日期",
            "productiondate": "生产日期",
            "validperiod": "有效期限",    
            "purchasedate": "进货日期",  
            "purchasenumber": "进货数",  
            "acceptor": "验收人" ,
            "unitname":"单位名称",
            "area":"所在区域",
            "brand":"品牌",
            "period":"保质期",
            "shipmentsnum":"出货数",
            "inventorynumber":"库存数",
            "evidence":"索证索票"
          },
          {
            "id": 9,
            "materialcategory":"原料类别",
            "materialname": "原料名称",
            "specifications": "净含量",
            "supplier": "供应商",
            "address":"地址",
            "licensenumber":"营业执照号",
            "circulationnumber":"食品流通号",
            "contacts":"联系人",
            "contactnumber":"联系电话",
            "charge":"负责人",
            "mainbody":"主体类型",
            "permit":"许可证范围",
            "authority":"发证机关",
            "validdate":"有效日期",
            "closingdate":"截止日期",
            "productiondate": "生产日期",
            "validperiod": "有效期限",    
            "purchasedate": "进货日期",  
            "purchasenumber": "进货数",  
            "acceptor": "验收人",
            "unitname":"单位名称",
            "area":"所在区域" ,
            "brand":"品牌",
            "period":"保质期",
            "shipmentsnum":"出货数",
            "inventorynumber":"库存数",
            "evidence":"索证索票"
          },
          {
            "id": 10,
            "materialcategory":"原料类别",
            "materialname": "原料名称",
            "specifications": "净含量",
            "supplier": "供应商",
            "address":"地址",
            "licensenumber":"营业执照号",
            "circulationnumber":"食品流通号",
            "contacts":"联系人",
            "contactnumber":"联系电话",
            "charge":"负责人",
            "mainbody":"主体类型",
            "permit":"许可证范围",
            "authority":"发证机关",
            "validdate":"有效日期",
            "closingdate":"截止日期",
            "productiondate": "生产日期",
            "validperiod": "有效期限",    
            "purchasedate": "进货日期",  
            "purchasenumber": "进货数",  
            "acceptor": "验收人",
            "unitname":"单位名称",
            "area":"所在区域",
            "brand":"品牌",
            "period":"保质期",
            "shipmentsnum":"出货数",
            "inventorynumber":"库存数",
            "evidence":"索证索票"
       
          }
        ]
      }
    }